#{"t_start": 1744127852.3447914, "env_id": "None"}
r,l,t
10.499976,200,4.353091
35.000175,200,4.700676
46.500057,200,5.113245
17.999973,200,5.450124
12.49996,200,5.791654
25.999968,200,6.205008
42.500183,200,6.616811
10.999992,200,7.073851
-1.4999981,200,7.460095
27.499989,200,7.859164
11.499962,200,8.250242
52.500034,200,8.707923
38.500088,200,9.118379
11.9999695,200,9.518833
14.499983,200,9.897639
-1.9999981,200,10.264688
10.99996,200,10.597641
16.999979,200,10.93791
13.999958,200,11.289153
69.00011,200,11.631354
9.999998,200,20.855696
26.99998,200,21.352686
50.000114,200,21.943228
25.999956,200,22.571822
27.499958,200,23.175114
28.999971,200,23.778753
11.499995,200,24.252334
29.499964,200,24.668898
11.999994,200,25.159967
65.50001,200,25.73962
16.499998,200,26.346525
11.5,200,26.92838
-2.4999983,200,27.59216
44.50013,200,28.234218
25.49998,200,28.871546
12.999963,200,29.544188
35.500023,200,30.269308
27.499964,200,30.889817
45.50007,200,31.697376
14.499958,200,32.43448
44.499958,200,43.637344
12.999972,200,44.288325
28.49997,200,45.001828
32.500004,200,45.637637
51.00006,200,46.313227
-1.4999981,200,46.907879
42.500072,200,47.534407
14.999973,200,48.129476
13.499955,200,48.702232
26.99996,200,49.31692
13.999958,200,49.906859
36.50001,200,50.495007
43.0,200,51.11196
-2.499998,200,51.743944
1.5000019,200,52.332743
45.50009,200,52.942614
44.999996,200,53.516471
29.499958,200,54.089345
51.000187,200,54.673153
28.999964,200,55.270314
44.500217,200,55.819671
26.999956,200,65.79566
42.49999,200,66.371412
12.499974,200,66.912068
26.99996,200,67.502662
37.000134,200,68.106599
26.999979,200,68.646159
44.499977,200,69.231968
35.00023,200,69.879722
27.499979,200,70.522739
44.000027,200,71.198423
30.499956,200,71.926346
45.00008,200,72.540827
161.49011,151,73.030741
51.50016,200,73.776365
52.50019,200,74.449667
28.499962,200,75.044278
45.500114,200,75.659785
43.00017,200,76.363979
27.999983,200,77.148251
11.999982,200,77.824069
49.50004,200,78.651988
12.499968,200,93.545718
26.99996,200,94.318878
25.999983,200,94.951482
15.499956,200,95.64669
26.499983,200,96.303419
11.99998,200,96.938892
35.500187,200,97.557775
44.500107,200,98.225365
43.000095,200,98.820523
9.499993,200,99.477181
28.999964,200,100.130563
28.499964,200,100.702218
10.999957,200,101.745474
49.00009,200,102.508333
67.50018,200,103.055449
44.50004,200,103.728977
46.500195,200,104.463639
-2.499998,200,105.07141
15.499985,200,105.712572
1.0000017,200,106.360418
27.99997,200,119.000226
37.500057,200,119.661092
26.999956,200,120.43333
11.499975,200,121.122902
27.999973,200,121.813855
45.000034,200,122.465512
50.500195,200,123.174494
17.499956,200,123.840671
27.99996,200,124.508175
12.499972,200,125.183415
-0.49999833,200,125.888268
11.000001,200,126.665633
69.00009,200,127.373212
9.999996,200,128.123833
44.499966,200,128.817774
27.499977,200,129.475826
27.999983,200,130.134386
50.999996,200,130.736603
13.999988,200,131.325856
30.49998,200,131.974339
28.999962,200,132.685134
43.999996,200,143.886732
12.499961,200,144.471879
-1.4999985,200,145.143467
11.499974,200,146.397595
161.53021,197,147.179805
28.999964,200,148.080983
12.5,200,148.915729
66.000206,200,149.586605
26.499975,200,150.254894
161.19002,181,150.832881
28.499977,200,151.504213
11.499964,200,152.158086
11.999982,200,152.909839
12.499983,200,153.549735
65.99981,200,154.216347
13.4999895,200,154.899961
27.499979,200,155.592022
45.499966,200,156.272913
43.500023,200,156.961596
14.999983,200,157.647946
13.99999,200,168.451035
183.65999,184,169.129712
43.49997,200,169.840091
11.999963,200,170.53822
27.999962,200,171.311808
28.999962,200,172.137931
27.49996,200,172.90203
12.4999895,200,173.519726
161.90002,110,173.912015
44.99998,200,174.514428
44.50008,200,175.129901
27.499956,200,175.905364
26.999971,200,176.519938
26.49996,200,177.151615
43.50002,200,177.835726
46.000134,200,178.486869
28.499971,200,179.147699
27.999956,200,179.800048
-1.4999988,200,180.432777
28.499968,200,181.075621
11.000001,200,181.729949
12.999969,200,192.307167
43.999954,200,192.971702
26.999956,200,193.601773
28.49997,200,194.273662
12.499961,200,194.924125
28.499956,200,195.544928
11.499986,200,196.131743
11.499978,200,196.767018
26.499954,200,197.375865
26.499964,200,198.021554
27.99997,200,198.666239
162.06006,194,199.298542
43.500008,200,199.986244
11.999992,200,200.606933
26.499975,200,201.255946
25.999973,200,201.90801
12.999978,200,202.629869
15.499971,200,203.311774
12.499968,200,203.904149
32.50001,200,204.557695
25.99996,200,205.220958
11.99998,200,216.180012
44.49998,200,216.806839
46.00005,200,217.449761
163.18008,132,217.879861
28.49996,200,218.535283
15.499958,200,219.195823
27.499958,200,219.80988
31.999983,200,220.504768
28.999987,200,221.213646
28.999962,200,221.805755
161.58005,192,222.444054
44.00004,200,223.05589
44.000015,200,223.727753
45.000004,200,224.322798
26.49996,200,224.928139
45.999996,200,225.523935
13.499982,200,226.088374
46.000145,200,226.693008
28.499968,200,227.355992
11.499962,200,227.98763
27.499973,200,228.58001
27.499973,200,239.603923
27.499973,200,240.274788
12.999969,200,240.970442
44.499985,200,241.667845
28.999968,200,242.332821
44.000008,200,242.951825
27.499962,200,243.713969
44.500046,200,244.402623
11.499982,200,245.045116
10.999972,200,245.660019
43.500263,200,246.292763
42.000015,200,246.920707
43.99996,200,247.553641
43.500057,200,248.151762
27.499968,200,248.789871
-2.499998,200,249.440036
-2.999998,200,250.072206
44.0,200,250.669808
27.999964,200,251.28863
27.999962,200,251.949857
68.00011,200,263.631769
26.499975,200,264.214082
27.99997,200,264.783689
44.49998,200,265.402825
16.999987,200,265.984185
43.00006,200,266.605672
26.49997,200,267.27563
12.499972,200,267.923035
26.499956,200,268.613699
12.499981,200,269.235929
65.49972,200,269.906199
43.00021,200,270.47978
29.499964,200,271.057732
66.50003,200,271.652644
26.499964,200,272.231886
11.999985,200,272.918026
26.999966,200,273.582773
26.999979,200,274.26005
11.499987,200,274.92183
-2.499998,200,275.59604
42.00002,200,276.268207
29.499975,200,287.1229
44.999992,200,287.797447
12.499979,200,288.480053
42.499958,200,289.205731
46.000088,200,289.921124
35.000107,200,290.637861
28.999958,200,291.359796
30.499983,200,292.062902
35.50012,200,292.819087
15.499989,200,293.485197
28.999962,200,294.115178
29.99996,200,294.752176
161.03003,197,295.352148
163.2001,130,295.78696
28.99997,200,296.44906
27.49997,200,297.0676
161.82004,168,297.617932
46.000076,200,298.275429
45.000023,200,298.982102
45.000103,200,299.809844
12.999954,200,300.474023
43.99999,200,312.090006
30.999962,200,312.7519
26.999962,200,313.405756
12.499968,200,314.200026
13.999956,200,314.966139
66.49992,200,315.579907
26.999966,200,316.258148
13.9999695,200,316.933776
28.499956,200,317.610728
166.51004,199,318.199853
32.500004,200,318.817744
26.499971,200,319.512084
27.99999,200,320.189574
27.99997,200,320.836404
67.99999,200,321.530057
43.500225,200,322.172775
45.50001,200,322.865932
28.999962,200,323.527959
50.50018,200,324.178943
51.500275,200,324.907669
13.499971,200,335.909788
44.499977,200,336.710632
47.500095,200,337.345968
11.499964,200,338.00358
44.50003,200,338.658672
55.00029,200,339.327991
50.00002,200,339.975889
27.499954,200,340.927457
45.500034,200,341.662783
27.999956,200,342.362148
27.499968,200,343.174876
68.99999,200,343.851589
163.14003,136,344.35601
43.99998,200,345.017703
182.42993,107,345.383825
14.499985,200,346.029912
46.000027,200,346.688159
27.999956,200,347.450399
49.000195,200,348.364007
28.499966,200,349.237925
45.49998,200,350.140682
28.999968,200,360.404663
26.999968,200,360.975753
45.000126,200,361.527671
162.60019,190,362.017655
44.50001,200,362.429856
1.5000019,200,362.845898
45.00007,200,363.291845
27.999962,200,363.618001
28.499973,200,364.043952
27.999964,200,364.351452
46.000183,200,364.674069
46.00006,200,365.163805
14.999986,200,365.695722
26.499973,200,366.265879
42.999977,200,366.722032
28.99996,200,367.239642
161.56012,194,367.694788
38.000256,200,368.108117
27.99998,200,368.486703
27.999989,200,368.894762
33.50004,200,369.61955
0.5000019,200,379.657727
27.499971,200,380.294805
45.500008,200,380.954547
12.499989,200,381.596389
161.8601,164,382.133864
28.499964,200,382.766255
27.499964,200,383.411801
65.99978,200,384.071954
25.999973,200,384.694105
27.999975,200,385.353598
26.99996,200,385.990045
12.4999695,200,386.646821
162.32007,168,387.195846
66.999794,200,387.842201
35.500065,200,388.514889
12.499967,200,389.16158
50.000237,200,389.837611
47.000015,200,390.492172
71.00007,200,391.130827
66.000175,200,391.773799
45.500126,200,392.603725
45.500004,200,403.423527
65.99988,200,404.101383
45.999996,200,404.752397
46.000084,200,405.451978
165.53009,197,406.074017
30.499964,200,406.677818
12.499976,200,407.328074
27.499962,200,407.977403
29.499966,200,408.641899
162.70007,130,409.076485
162.16005,184,409.662323
44.5,200,410.291855
163.08006,142,410.753626
38.000233,200,411.386174
27.499979,200,412.100344
48.500156,200,412.720001
66.49993,200,413.361486
45.99998,200,414.018174
12.499962,200,414.674142
45.000088,200,415.322085
27.999954,200,415.961395
67.99992,200,426.629812
41.00017,200,427.278826
36.99997,200,427.96599
28.499962,200,428.595938
162.53008,147,429.077403
49.00012,200,429.725029
165.77002,173,430.309764
163.57004,143,430.773897
42.99996,200,431.407877
45.500046,200,432.070049
31.99998,200,432.735955
28.999977,200,433.480032
27.499977,200,434.112153
11.499978,200,434.770009
27.499966,200,435.429781
49.500256,200,436.089939
30.49997,200,436.728021
49.000183,200,437.371765
48.50015,200,437.996831
26.499966,200,438.626198
52.000275,200,439.274286
26.999956,200,450.302035
43.999966,200,450.965582
27.999979,200,451.60378
12.499978,200,452.309948
27.999975,200,452.97203
159.76007,174,453.542044
12.499968,200,454.165778
28.499989,200,454.851732
11.4999695,200,455.520646
31.49997,200,456.182119
43.50016,200,456.841969
28.499964,200,457.519907
11.999966,200,458.168183
28.49999,200,458.835219
15.499956,200,459.501662
163.19003,131,459.929741
14.999983,200,460.594149
-1.9999983,200,461.237955
50.500084,200,461.911037
26.999958,200,462.551827
68.00016,200,463.159615
35.5002,200,473.641837
27.999968,200,474.27953
44.499996,200,474.951712
45.00018,200,475.599689
162.40002,160,476.122956
12.499994,200,476.871459
28.999966,200,477.533928
47.500046,200,478.177701
27.499973,200,478.836816
29.499968,200,479.497566
11.999971,200,480.144906
31.99999,200,480.787904
46.500042,200,481.419544
162.14005,136,481.886481
27.999983,200,482.514967
25.999971,200,483.1599
44.500057,200,483.811566
45.500114,200,484.476701
162.70001,180,485.08877
51.000286,200,485.718336
28.999966,200,486.352023
43.500004,200,496.933544
13.499983,200,497.587159
44.500114,200,498.237684
183.6799,132,498.74423
25.999971,200,499.38158
162.68015,182,499.962821
28.499962,200,500.619853
29.499983,200,501.244891
28.999975,200,501.893549
163.58002,92,502.20308
183.53995,196,502.817721
26.999966,200,503.469768
161.60007,140,503.932046
13.999976,200,504.56
66.99994,200,505.20983
28.999983,200,505.871029
27.999956,200,506.527412
52.500008,200,507.179682
50.499996,200,507.824688
45.000065,200,508.474031
42.99998,200,509.110008
66.999954,200,509.788002
37.50003,200,520.299812
29.499966,200,520.941692
11.999962,200,521.598115
32.499973,200,522.238972
44.499992,200,522.966832
53.500187,200,523.602362
26.999964,200,524.271513
29.499985,200,524.937583
46.500015,200,525.599673
10.999959,200,526.277807
31.99999,200,526.916032
16.99996,200,527.564442
28.499958,200,528.206124
28.499975,200,528.859974
163.25005,125,529.251773
37.000046,200,529.997975
26.999966,200,530.637153
1.8980354e-06,200,531.304392
12.499988,200,531.949566
26.99996,200,532.58687
43.5,200,533.226297
160.51004,199,543.788683
51.00026,200,544.417599
51.00008,200,545.047588
27.499977,200,545.71987
45.50007,200,546.364494
162.79016,171,546.916406
43.500046,200,547.560755
44.0,200,548.199552
165.71016,179,548.783724
27.49996,200,549.421726
30.999966,200,550.055825
44.00004,200,550.686099
162.01001,199,551.321564
43.50019,200,551.946063
68.99983,200,552.607543
28.999985,200,553.305521
44.500263,200,553.933949
27.999962,200,554.566751
46.00006,200,555.211898
69.00012,200,555.84065
32.000107,200,566.285749
161.06004,194,566.907807
28.499987,200,567.535577
161.58,192,568.228538
14.999966,200,568.856714
26.999975,200,569.52165
52.000088,200,570.177611
46.500057,200,570.827779
44.000004,200,571.505659
42.99999,200,572.153724
161.24005,126,572.566009
37.500294,200,573.217725
27.499973,200,573.856522
28.499964,200,574.50211
10.9999695,200,575.131958
50.500088,200,575.771146
11.499971,200,576.421633
-0.99999833,200,577.081709
29.499983,200,577.694779
162.96005,154,578.223569
28.49996,200,578.881594
53.500237,200,579.52074
36.000183,200,590.190667
47.500107,200,590.859733
45.000225,200,591.49854
28.499964,200,592.126555
51.000244,200,592.773677
44.999985,200,593.423738
45.500114,200,594.062723
50.500088,200,594.712959
31.999983,200,595.371568
14.499982,200,596.051669
28.499971,200,596.704008
45.500084,200,597.354779
45.500084,200,598.002115
12.499966,200,598.657327
46.000156,200,599.294935
51.50026,200,599.939534
17.499962,200,600.573477
42.500008,200,601.227031
162.01015,199,601.912039
67.999985,200,602.605666
42.999973,200,614.078807
26.999968,200,614.721962
27.499968,200,615.391981
42.49998,200,615.983922
46.00013,200,616.536799
162.36005,114,616.821153
27.99998,200,617.303747
25.999983,200,617.788069
27.499979,200,618.222049
45.500046,200,618.614738
63.500004,200,619.058262
50.5,200,619.577592
34.500088,200,620.175678
29.99999,200,620.72803
68.49996,200,621.109753
27.499954,200,621.473835
14.499983,200,621.873765
48.500107,200,622.368672
161.65001,135,622.732003
27.49996,200,623.261537
69.499886,200,623.801883
13.999978,200,633.967698
27.999968,200,634.629927
44.5,200,635.359522
72.000046,200,636.151705
27.499983,200,636.849789
11.999977,200,637.595549
11.999963,200,638.359683
45.50001,200,638.98442
27.99996,200,639.629725
29.499977,200,640.297672
27.999966,200,640.932002
51.000305,200,641.612614
46.000122,200,642.346111
34.500202,200,643.169662
15.499982,200,644.035639
11.999965,200,644.851022
45.499977,200,645.561464
31.999968,200,646.325884
12.99996,200,647.026668
12.499962,200,647.729671
30.49997,200,648.407643
42.99997,200,660.776397
31.00006,200,661.466647
35.50017,200,662.199513
31.500038,200,662.843658
162.79004,121,663.257786
65.500244,200,664.007418
27.499956,200,664.747999
26.499964,200,665.421974
28.49996,200,666.057742
26.499956,200,666.693738
28.49996,200,667.319514
28.999968,200,667.98139
67.49982,200,668.617706
28.49996,200,669.30549
28.999975,200,670.028003
36.000202,200,670.693492
55.00029,200,671.356014
27.49996,200,671.992795
162.46004,154,672.435486
28.499966,200,673.019744
163.77013,173,673.553766
44.999966,200,684.095686
28.99996,200,684.723785
44.50022,200,685.483962
27.499954,200,686.206182
28.999966,200,686.906401
32.50003,200,687.580595
27.49996,200,688.300714
162.64006,186,689.111678
44.500164,200,689.6859
28.99996,200,690.923225
55.00019,200,691.782534
29.499958,200,692.899787
12.999972,200,693.649643
27.499956,200,694.51662
161.71002,179,695.211753
27.999964,200,696.343697
74.9999,200,696.982887
32.00004,200,697.553344
28.49996,200,698.149662
49.500233,200,698.80352
12.49997,200,699.438292
28.49996,200,711.031965
43.000122,200,711.631904
45.000202,200,712.23563
44.499977,200,712.912488
163.50002,100,713.231453
164.58018,192,713.847951
47.000153,200,714.442692
69.0001,200,715.044199
28.499956,200,715.667045
47.00017,200,716.226208
44.500027,200,717.176806
44.500137,200,718.077704
28.999962,200,719.00701
28.499964,200,719.823694
11.499994,200,720.659822
33.000095,200,721.519584
26.99996,200,722.827807
11.499973,200,723.955885
161.76003,174,724.533837
45.500206,200,725.164617
44.500214,200,725.78486
43.500175,200,737.749775
52.50022,200,739.009512
55.00027,200,739.872772
68.00002,200,740.549423
163.5001,150,741.059618
44.50026,200,741.662106
27.99996,200,742.288044
161.7301,177,742.810696
45.500065,200,743.44674
44.000175,200,744.073295
44.000076,200,744.653302
68.999916,200,745.254211
181.37993,112,745.618004
49.50006,200,746.225633
12.999965,200,746.829569
27.999968,200,747.423972
26.49996,200,748.098234
44.500004,200,748.95587
45.500042,200,749.653448
29.499958,200,750.308838
12.999988,200,750.911912
28.999958,200,761.45305
30.499964,200,762.070714
29.499958,200,762.667761
29.999987,200,763.379607
46.99998,200,763.979753
44.50013,200,764.579744
29.499971,200,765.189528
10.999985,200,765.837489
11.5,200,766.44656
46.000114,200,767.01543
50.000095,200,767.616066
44.00007,200,768.230734
68.0002,200,768.862658
45.000008,200,769.483525
29.999985,200,770.091464
12.499966,200,770.72648
46.000168,200,771.335498
29.499962,200,771.941658
184.60985,189,772.535772
44.500156,200,773.154573
43.000076,200,773.777645
29.999956,200,785.209416
45.00014,200,785.878428
47.000187,200,786.487851
44.00009,200,787.129708
12.499975,200,787.773139
29.49996,200,788.396597
28.49996,200,789.059548
15.999981,200,789.717934
44.499958,200,790.37271
34.00003,200,791.023618
45.500042,200,791.671988
46.49998,200,792.293357
37.000027,200,792.997683
72.000084,200,794.107366
45.500214,200,794.827721
164.14001,186,795.48552
46.50002,200,796.117868
14.49996,200,796.719822
29.49998,200,797.289829
48.000195,200,797.871454
28.499966,200,808.073621
11.999979,200,809.111668
12.999986,200,809.731839
31.499985,200,810.371571
27.99996,200,810.999733
28.999956,200,811.579696
45.500057,200,812.167463
27.999977,200,812.760664
162.95004,105,813.073669
28.999966,200,813.650597
45.50004,200,814.236794
28.999966,200,814.849546
45.00004,200,815.445576
161.77005,173,815.941783
47.50001,200,816.531498
27.999964,200,817.108668
27.499971,200,817.613323
67.49997,200,818.309701
41.499992,200,818.93585
29.999958,200,819.553821
14.499962,200,820.116405
44.00016,200,830.857222
11.499981,200,831.842739
43.500114,200,832.484632
50.000202,200,833.104686
27.999954,200,833.595396
26.99998,200,834.227382
27.999973,200,834.819523
46.500034,200,835.454068
28.499956,200,836.039883
12.499967,200,836.640559
28.999958,200,837.323678
31.999977,200,837.951583
16.499977,200,838.583525
26.499975,200,839.189492
28.499956,200,839.822696
45.000072,200,840.430631
9.999961,200,841.063834
45.000046,200,841.670576
45.00015,200,842.210603
11.499954,200,842.934322
162.55008,195,843.583464
44.99999,200,853.585995
45.500256,200,854.181874
13.999989,200,854.80163
44.000134,200,855.381853
45.500137,200,855.981923
165.56009,94,856.277764
51.00004,200,856.93058
45.500175,200,857.563688
44.499985,200,858.19571
27.999962,200,858.829799
38.00014,200,859.41306
14.499978,200,860.005629
13.99996,200,860.569649
161.2401,176,861.11705
162.89008,111,861.479747
25.99996,200,862.120657
12.499976,200,862.774848
45.500134,200,863.436687
65.99998,200,864.045741
-0.99999833,200,864.719727
10.999961,200,865.38558
45.000168,200,874.845605
162.4101,159,875.391622
68.50009,200,876.105597
48.500156,200,876.775515
163.56,144,877.299583
27.999958,200,878.097583
68.49988,200,878.763526
11.499987,200,879.4655
26.999962,200,880.269519
44.000084,200,881.114604
46.499958,200,881.797352
13.499998,200,882.600612
12.499967,200,883.421724
48.000122,200,884.09966
28.999964,200,884.711754
162.09003,191,885.331644
26.99998,200,885.967688
44.50006,200,886.584868
45.000103,200,887.213163
28.499968,200,887.857
35.000008,200,888.423934
45.000046,200,899.387536
13.499973,200,899.985892
48.00003,200,900.689443
65.49981,200,901.3495
26.999971,200,902.011368
44.000145,200,902.659374
46.000042,200,903.272545
42.99999,200,903.915964
66.99997,200,904.547222
163.48007,102,904.873617
27.99997,200,905.569718
43.500034,200,906.208055
42.999985,200,906.85399
161.26004,174,907.397515
49.00026,200,908.060562
12.999975,200,908.68263
42.50012,200,909.349657
161.76009,124,909.767402
44.00016,200,910.405844
26.499956,200,911.053666
10.99999,200,911.75781
45.000122,200,912.412084
45.50011,200,922.687515
31.50007,200,923.331563
163.69003,131,923.763502
10.999967,200,924.453837
47.000107,200,925.175506
67.99993,200,925.829844
52.000298,200,926.54362
28.499973,200,927.234874
161.75003,175,927.859577
28.499964,200,928.556573
161.78998,171,929.177662
46.000053,200,929.867453
42.5001,200,930.58583
13.499968,200,931.264618
46.00022,200,931.91782
29.999977,200,932.595732
54.00015,200,933.253641
69.50014,200,933.946121
10.999989,200,934.621343
25.999958,200,935.283377
70.49986,200,935.903716
46.000042,200,947.16556
44.500137,200,947.811574
36.000034,200,948.47264
44.000023,200,949.1446
28.499983,200,949.807548
163.56006,144,950.281761
67.49995,200,950.926807
45.00013,200,951.518554
64.50001,200,952.166242
45.000008,200,952.814549
164.56006,94,953.111418
86.00013,200,953.795674
29.49996,200,954.441831
11.49997,200,955.063996
25.499962,200,955.720434
28.499975,200,956.364798
10.999966,200,957.015655
45.50011,200,957.67797
15.4999695,200,958.330875
52.000175,200,958.99958
26.99997,200,959.657885
165.49005,151,960.182714
52.50015,200,971.070743
162.60008,90,971.353652
45.000114,200,971.923787
16.499983,200,972.623615
29.999962,200,973.283572
29.499964,200,973.953761
67.49987,200,974.601618
162.62003,188,975.193566
49.499992,200,975.821671
51.00018,200,976.461375
46.50003,200,977.09143
-1.4999981,200,977.689584
162.05,195,978.303579
43.50007,200,978.947649
161.41,109,979.301802
162.95006,155,979.795562
15.999971,200,980.448482
162.55008,95,980.735392
44.000057,200,981.374561
46.000046,200,981.999615
11.99996,200,982.641665
15.499977,200,983.277734
47.500023,200,994.093853
44.999985,200,994.740484
44.000095,200,995.393759
67.49993,200,996.039825
11.499967,200,996.713972
28.999968,200,997.36178
52.000027,200,998.008021
43.500103,200,998.620552
164.07008,143,999.071463
69.50004,200,999.711818
27.49996,200,1000.32191
27.999962,200,1000.965458
28.99996,200,1001.623659
16.499962,200,1002.27336
44.500122,200,1002.941899
45.50003,200,1003.587288
11.99996,200,1004.175692
49.500027,200,1004.857161
27.999971,200,1005.499372
48.00002,200,1006.119537
45.500153,200,1006.772588
27.999975,200,1018.555675
26.499954,200,1019.460938
12.499969,200,1020.149406
92.0001,200,1020.755589
27.499956,200,1021.389578
43.000046,200,1022.054508
44.5,200,1022.745988
11.499974,200,1023.367289
45.00016,200,1024.02181
45.500008,200,1024.685926
-1.4999986,200,1025.33187
162.29012,171,1025.896733
12.999958,200,1026.545455
46.000042,200,1027.199731
45.000095,200,1027.873895
49.00009,200,1028.531345
162.79004,71,1028.761807
67.999985,200,1029.412518
26.499954,200,1030.063607
28.49998,200,1030.6895
162.18008,182,1031.297813
47.500027,200,1043.016694
28.999962,200,1043.695642
14.999995,200,1044.350458
45.000195,200,1045.059739
162.1,140,1045.479338
44.500103,200,1046.097793
43.500225,200,1046.761721
163.18004,82,1047.037748
46.000164,200,1047.707973
27.999977,200,1048.356784
1.5000019,200,1048.983389
161.81018,169,1049.543527
12.999987,200,1050.179729
26.999975,200,1050.83938
44.500156,200,1051.47948
28.499958,200,1052.149448
49.00023,200,1052.813537
45.50009,200,1053.467885
48.0,200,1054.055614
12.999976,200,1054.709675
25.499956,200,1055.377934
161.68002,182,1055.94959
42.499996,200,1065.851669
161.91008,159,1066.367419
26.99997,200,1067.002547
32.500107,200,1067.66794
44.000072,200,1068.243664
68.50008,200,1068.889464
44.000195,200,1069.511936
43.000187,200,1070.19681
48.000057,200,1070.941847
29.499962,200,1071.765887
44.000103,200,1072.789773
28.499977,200,1073.465356
28.499971,200,1074.18757
27.499977,200,1074.861854
27.99996,200,1075.539714
52.000294,200,1076.210867
45.00002,200,1076.905589
66.99996,200,1077.596528
162.47998,152,1078.131779
13.499958,200,1078.833602
162.79012,121,1079.280419
162.15016,185,1091.335842
27.999966,200,1091.996541
16.499968,200,1092.651848
13.999958,200,1093.318538
43.999973,200,1093.989304
164.60002,90,1094.271462
162.13008,187,1094.875512
162.78001,122,1095.292796
12.999987,200,1095.947517
45.000183,200,1096.601346
165.44016,156,1097.119552
163.56013,194,1097.739667
44.00025,200,1098.408299
161.32013,168,1098.962438
27.99996,200,1099.615458
46.00005,200,1100.269644
28.999968,200,1101.230882
28.499979,200,1102.076074
43.000107,200,1102.711478
162.10002,190,1103.371616
43.500114,200,1104.060409
52.499996,200,1104.682477
44.000008,200,1114.907459
44.000168,200,1115.585395
161.05006,145,1116.079315
66.99982,200,1116.743878
66.99992,200,1117.423489
27.99996,200,1118.109769
162.89005,61,1118.319316
42.49997,200,1118.98164
72.999985,200,1119.65762
162.83002,67,1119.862641
28.499958,200,1120.477815
51.500248,200,1121.141388
48.500114,200,1121.831364
43.50021,200,1122.555865
28.499958,200,1123.237907
30.499977,200,1123.933717
52.500088,200,1124.596497
162.49011,151,1125.110752
34.500153,200,1125.783651
25.999954,200,1126.475606
28.499958,200,1127.128749
28.499962,200,1127.806787
12.499967,200,1140.261228
29.499962,200,1140.884652
69.49993,200,1141.466509
52.000004,200,1142.147438
162.08002,142,1142.61143
36.000237,200,1143.253551
166.65004,135,1143.685289
67.50015,200,1144.306478
163.25003,125,1144.712549
44.500034,200,1145.372489
45.5,200,1146.037547
15.999981,200,1146.717392
44.50012,200,1147.4796
161.80006,170,1148.23803
46.000206,200,1148.995361
43.499992,200,1149.656326
13.999982,200,1150.341361
42.500183,200,1150.909573
44.500134,200,1151.441402
27.999962,200,1152.06524
28.499962,200,1152.670429
16.499973,200,1153.301762
26.999968,200,1163.570377
44.50006,200,1164.232299
71.49991,200,1164.885187
45.00006,200,1165.536585
44.000206,200,1166.217456
27.499968,200,1167.027634
45.00014,200,1167.935602
43.000095,200,1168.984799
161.69002,181,1169.67748
27.49997,200,1170.343532
44.49998,200,1170.979293
45.5,200,1171.590791
46.00004,200,1172.491503
44.500053,200,1173.304613
11.499996,200,1174.261604
42.999992,200,1175.14366
162.64003,186,1175.854576
27.49997,200,1176.521578
44.500294,200,1177.170439
28.49996,200,1177.84563
43.500134,200,1178.519455
10.999955,200,1189.483748
45.000156,200,1190.141422
28.99996,200,1190.769622
49.500076,200,1191.359302
165.98007,152,1191.839494
165.27002,173,1192.561307
69.49985,200,1193.221337
162.26001,124,1193.663496
44.499977,200,1194.477587
164.24005,76,1194.759563
44.50008,200,1195.411592
27.499968,200,1195.993335
44.000114,200,1196.614497
162.41005,109,1196.961241
45.50008,200,1197.587769
26.49997,200,1198.129579
27.999956,200,1198.7836
27.99996,200,1199.412656
162.16,84,1199.6594
44.500072,200,1200.266589
67.5,200,1200.809284
44.99999,200,1201.601655
167.85004,115,1202.031931
28.999971,200,1212.121728
46.000004,200,1212.731471
52.500286,200,1213.374341
26.999964,200,1214.007539
52.000122,200,1214.665459
70.99984,200,1215.316556
45.000027,200,1215.87956
162.40002,160,1216.384034
166.07014,143,1216.83941
69.49994,200,1217.489833
51.0,200,1218.141531
12.499984,200,1218.804051
94.00012,200,1219.460363
51.000042,200,1220.121086
163.58011,142,1220.585282
162.57004,93,1220.873552
45.500053,200,1221.505136
68.00024,200,1222.254345
67.50002,200,1223.199266
11.499955,200,1224.016144
163.43002,157,1224.659559
162.10016,190,1225.272674
44.500042,200,1235.303897
185.85008,165,1235.824407
69.49991,200,1236.404954
28.999973,200,1237.036917
45.000168,200,1237.639443
1.5000017,200,1238.245437
45.000183,200,1238.839491
69.49982,200,1239.363218
43.500008,200,1240.059326
162.72011,128,1240.409377
15.499968,200,1240.985539
163.90009,110,1241.30164
49.50016,200,1241.961942
44.500023,200,1242.625474
163.81003,119,1243.024381
161.67,83,1243.301571
43.00002,200,1243.929586
162.11005,139,1244.357574
27.999964,200,1245.017611
13.499962,200,1245.709555
67.500015,200,1246.375216
65.499985,200,1247.040452
45.00021,200,1247.663881
42.499977,200,1258.739434
162.23003,127,1259.11949
34.00004,200,1259.741415
29.999958,200,1260.401635
66.999756,200,1261.012507
162.5501,145,1261.33326
27.999979,200,1261.76526
35.00006,200,1262.291384
52.000107,200,1262.681357
46.000214,200,1263.184361
46.50026,200,1263.595439
52.500015,200,1263.979542
162.81006,69,1264.09928
27.999966,200,1264.464106
13.499956,200,1264.810419
31.999964,200,1265.172707
32.50003,200,1265.502409
163.14001,136,1265.739656
28.999975,200,1266.1738
46.500046,200,1266.666406
25.999956,200,1267.065803
162.43999,156,1267.420346
27.99996,200,1275.575338
44.500084,200,1275.98243
15.499954,200,1276.385413
13.999973,200,1276.732382
44.500153,200,1277.130037
46.500065,200,1277.460401
11.9999695,200,1277.934021
25.99996,200,1278.319231
28.99997,200,1278.712435
66.49988,200,1279.053777
43.000004,200,1279.439287
45.50018,200,1279.757498
161.62009,188,1280.134235
68.50003,200,1280.493605
28.99997,200,1280.827457
44.000214,200,1281.257498
44.00004,200,1281.683441
53.500298,200,1282.086356
51.500126,200,1282.534394
45.50006,200,1282.987803
42.99998,200,1283.502452
43.999958,200,1291.701243
163.25002,125,1291.983355
33.000057,200,1292.376312
47.500053,200,1292.775235
163.04001,96,1292.965233
183.13007,187,1293.29547
162.68005,132,1293.533689
162.49005,151,1293.877299
43.000107,200,1294.265322
45.500195,200,1294.640345
44.000114,200,1294.960341
46.500126,200,1295.267531
70.000046,200,1295.711555
162.14012,186,1296.133777
52.500267,200,1296.645965
47.00014,200,1297.119526
69.99982,200,1297.579316
45.00003,200,1298.023566
17.999973,200,1298.530326
11.499962,200,1299.011239
161.96005,154,1299.391072
45.0001,200,1299.765314
27.999968,200,1307.836441
45.00001,200,1308.233476
47.00016,200,1308.711515
68.4999,200,1309.14175
27.999954,200,1309.651271
48.500145,200,1310.155665
161.48001,152,1310.456281
26.499964,200,1310.88921
44.500084,200,1311.263539
28.499968,200,1311.641521
27.999956,200,1312.019481
14.999973,200,1312.347745
185.79004,171,1312.664993
46.0001,200,1313.012055
163.66006,134,1313.279379
49.000088,200,1313.635673
44.50012,200,1314.039495
31.499958,200,1314.471791
45.00016,200,1314.869363
67.99991,200,1315.346357
27.499956,200,1315.759667
45.500103,200,1324.11965
44.000015,200,1324.595302
35.500183,200,1324.967483
28.499975,200,1325.323311
162.20998,179,1325.737413
28.99997,200,1326.237383
51.000175,200,1326.640039
11.499991,200,1327.157417
27.999956,200,1327.491693
45.500072,200,1327.815413
31.499983,200,1328.059624
28.499968,200,1328.295623
11.999961,200,1328.540548
16.5,200,1328.780478
27.499958,200,1329.017637
46.000145,200,1329.255718
46.500072,200,1329.541178
42.5,200,1329.781278
-1.4999983,200,1330.017331
45.500164,200,1330.252292
53.000256,200,1330.533757
90.00002,200,1335.775785
13.99997,200,1336.01527
26.999973,200,1336.253349
163.33002,117,1336.41751
163.00009,150,1336.687328
164.48006,152,1336.867322
45.00014,200,1337.101976
35.50018,200,1337.370492
68.00007,200,1337.655553
44.500153,200,1337.89526
11.999965,200,1338.134404
25.999956,200,1338.367599
68.999855,200,1338.604495
26.99996,200,1338.839288
162.74002,126,1338.991659
10.999959,200,1339.227855
46.000153,200,1339.465299
27.999958,200,1339.701606
46.99999,200,1339.935214
162.1,140,1340.103505
162.23001,127,1340.255435
27.49996,200,1340.491806
68.000145,200,1345.804631
66.49984,200,1346.113765
48.500225,200,1346.377521
186.6001,140,1346.55446
50.00018,200,1346.824985
45.500015,200,1347.112498
66.99982,200,1347.388362
45.000015,200,1347.639523
27.999973,200,1347.90475
50.500214,200,1348.224634
45.50014,200,1348.514587
27.49996,200,1348.810374
66.99982,200,1349.089648
44.500164,200,1349.366479
28.99996,200,1349.634859
27.999971,200,1349.869617
161.95012,155,1350.050165
51.500263,200,1350.287304
162.55013,145,1350.457437
162.73015,177,1350.662014
163.1501,135,1350.819366
45.50006,200,1351.052274
45.999985,200,1357.309297
185.19989,180,1357.691494
42.99997,200,1358.323301
70.00014,200,1358.659662
44.000065,200,1359.148042
163.45004,105,1359.389434
27.999975,200,1359.724727
29.499966,200,1360.00231
185.51013,149,1360.214562
164.15009,185,1360.545883
65.500046,200,1360.851557
11.499967,200,1361.151551
35.00014,200,1361.450599
68.00011,200,1361.807782
29.999973,200,1362.197527
29.999989,200,1362.659711
45.500156,200,1363.143436
162.85999,164,1363.515634
45.000202,200,1363.95789
28.499983,200,1364.397665
47.00004,200,1364.855494
44.000015,200,1374.106562
160.5,200,1374.549543
71.50014,200,1374.962196
183.4199,158,1375.287614
11.999968,200,1375.732197
163.68004,132,1376.002245
44.50018,200,1376.420711
47.000034,200,1376.887591
162.14012,186,1377.267758
15.4999695,200,1377.651309
45.499973,200,1377.88542
161.80002,120,1378.027539
27.499971,200,1378.299402
165.89014,161,1378.537299
28.499964,200,1378.832476
28.499954,200,1379.067431
45.500233,200,1379.303695
183.22993,77,1379.395809
185.98993,151,1379.579421
161.65001,135,1379.770271
44.00001,200,1380.004449
67.49987,200,1380.329777
46.50003,200,1380.730559
161.51001,199,1387.992963
27.999958,200,1388.439362
162.76007,124,1388.715405
47.000027,200,1389.13938
162.99002,101,1389.357726
162.5501,145,1389.672477
162.47008,103,1389.893177
43.49998,200,1390.309503
161.75017,175,1390.679617
31.499968,200,1391.074775
27.999956,200,1391.47604
11.999976,200,1391.931756
28.499958,200,1392.515028
55.000168,200,1393.080604
29.499958,200,1393.56758
45.500175,200,1393.995129
45.500008,200,1394.603243
162.59009,191,1395.507375
51.500202,200,1395.949452
45.00025,200,1396.571723
91.49973,200,1397.547326
163.17007,133,1398.144514
42.500042,200,1399.299767
44.50003,200,1410.174773
31.99997,200,1410.904227
27.49996,200,1411.97103
43.50018,200,1412.713381
188.97993,152,1413.362257
26.999956,200,1414.467468
32.000168,200,1414.888019
27.499956,200,1415.445385
43.500034,200,1416.147845
43.999977,200,1416.633831
161.54,146,1417.018397
163.81006,119,1417.430618
12.499959,200,1418.100239
45.500095,200,1418.45412
16.499966,200,1418.932551
162.0401,196,1419.337164
45.500034,200,1419.713518
44.49996,200,1420.073668
27.999964,200,1420.835479
44.500004,200,1421.587977
49.000088,200,1422.02635
41.999977,200,1432.221355
26.499956,200,1433.02552
162.50009,150,1433.525203
68.49988,200,1434.226042
70.00021,200,1435.143727
66.499916,200,1436.111439
162.18015,182,1437.480995
162.30005,120,1438.347528
45.000126,200,1439.659972
26.49996,200,1440.787549
52.500134,200,1442.11195
45.500134,200,1442.988221
162.2701,123,1443.372707
28.99996,200,1444.590242
11.49999,200,1445.913707
27.999958,200,1446.924202
10.499959,200,1448.206681
16.499979,200,1449.625392
162.32008,118,1450.470653
29.999962,200,1451.378278
45.00016,200,1451.896441
163.56,94,1452.123646
28.499977,200,1452.62827
72.00005,200,1463.572487
161.91003,159,1464.357967
91.50006,200,1465.015486
65.500084,200,1465.687458
162.45003,105,1465.97578
44.000015,200,1466.555362
42.999973,200,1467.061823
43.000088,200,1467.597456
43.500027,200,1468.119787
162.5701,143,1468.477432
52.000015,200,1468.995375
164.2002,180,1469.443931
44.00002,200,1470.236671
26.499956,200,1471.600277
45.000126,200,1472.575544
160.83005,167,1473.595273
45.000153,200,1474.767336
45.00011,200,1475.738325
11.49998,200,1476.925728
46.000076,200,1478.170757
164.27005,123,1478.925511
42.99996,200,1480.22403
28.499985,200,1492.245471
71.49992,200,1493.378484
26.499956,200,1494.566905
28.999962,200,1495.795675
163.37004,113,1496.439381
162.78001,72,1496.999619
69.00007,200,1498.134069
45.000076,200,1499.290932
45.50009,200,1500.455568
161.71002,179,1501.621185
163.60999,89,1502.173383
45.000084,200,1503.840017
164.87007,113,1504.275361
44.500076,200,1505.421629
27.999964,200,1506.815245
68.99994,200,1508.04476
10.999983,200,1508.84361
166.58026,192,1509.342438
165.47005,103,1509.607778
162.0101,149,1509.992251
160.53024,197,1510.505459
162.34009,166,1510.915589
12.999959,200,1511.421078
163.58011,142,1511.785586
27.99996,200,1522.495605
44.999977,200,1522.994009
44.500095,200,1523.481492
163.18002,132,1523.79553
42.50014,200,1524.289749
67.49994,200,1524.785381
46.500126,200,1525.261514
31.499971,200,1525.755361
27.499956,200,1526.26772
45.000164,200,1526.803686
45.000248,200,1527.293443
68.50024,200,1527.836763
46.50003,200,1528.337366
51.000214,200,1528.856711
49.500076,200,1529.407156
26.999971,200,1529.940575
45.00015,200,1530.760327
49.500145,200,1531.475507
45.000214,200,1532.485522
48.000122,200,1533.458659
42.99997,200,1534.736996
162.32,118,1545.805466
30.499958,200,1546.273017
46.000103,200,1546.685378
163.62009,188,1547.053329
163.59003,91,1547.237484
49.500145,200,1547.64348
45.50017,200,1548.113857
161.17004,133,1548.377344
35.000294,200,1548.768017
44.50005,200,1549.24085
162.80006,120,1549.50963
49.50022,200,1549.943265
162.7601,124,1550.236437
187.1799,182,1550.696355
44.499985,200,1551.146179
162.21011,129,1551.468262
11.999967,200,1551.862111
161.22003,178,1552.271332
46.500084,200,1552.730423
160.64003,186,1553.165473
36.00014,200,1553.73544
44.50015,200,1554.505539
10.999954,200,1554.92404
44.99999,200,1561.237234
27.499958,200,1561.511949
44.500053,200,1561.753674
28.499983,200,1561.97519
45.50014,200,1562.268407
51.50026,200,1562.556404
165.17018,183,1562.747494
69.50001,200,1563.031203
165.00017,200,1563.256461
45.500195,200,1563.606403
162.56999,93,1563.782256
48.000034,200,1564.005018
162.23001,77,1564.097191
27.499958,200,1564.384937
27.499971,200,1564.653389
45.000103,200,1564.877126
45.000103,200,1565.179864
72.000145,200,1565.434796
45.50007,200,1565.67391
46.50007,200,1565.912863
45.00022,200,1566.135116
44.499973,200,1566.358102
44.00013,200,1571.74275
44.00006,200,1571.996535
46.000057,200,1572.220171
44.00007,200,1572.565809
12.499976,200,1572.908525
162.06001,144,1573.140658
45.500015,200,1573.371319
44.500076,200,1573.641155
27.499954,200,1573.913767
162.39014,111,1574.077649
162.41016,159,1574.30176
162.79008,121,1574.461364
35.000153,200,1574.683436
49.50015,200,1574.97914
46.00007,200,1575.262513
72.500015,200,1575.531626
161.50024,200,1575.802637
162.30002,70,1575.900306
29.499968,200,1576.240119
10.999962,200,1576.584134
27.499987,200,1576.89815
26.499954,200,1577.152526
46.500137,200,1582.403795
10.999999,200,1582.663016
44.00008,200,1582.955877
163.12,88,1583.073584
28.499958,200,1583.354496
12.49996,200,1583.647008
26.99997,200,1583.868308
28.499971,200,1584.106748
12.99996,200,1584.384344
27.999962,200,1584.672404
162.67012,183,1584.880785
11.99998,200,1585.146709
44.500145,200,1585.382339
45.00004,200,1585.60515
45.0001,200,1585.864637
70.0001,200,1586.087337
161.51025,199,1586.340053
162.01,99,1586.483007
28.999971,200,1586.727807
27.99996,200,1586.943475
161.35014,165,1587.135489
43.500034,200,1587.426337
43.50016,200,1593.519555
54.5,200,1593.802006
72.00017,200,1594.041625
46.00024,200,1594.270827
69.99994,200,1594.518647
46.000156,200,1594.788843
38.5001,200,1595.026148
54.5001,200,1595.258108
66.999916,200,1595.536636
48.5,200,1595.823762
185.50989,149,1595.998966
73.0001,200,1596.319696
27.499973,200,1596.587305
47.00015,200,1596.850424
43.00009,200,1597.120255
46.500084,200,1597.344142
66.49999,200,1597.611861
162.57,93,1597.723207
164.54007,196,1597.939947
45.000088,200,1598.17752
71.0,200,1598.417577
46.500072,200,1604.818294
162.40016,160,1605.012816
43.00003,200,1605.234964
161.81003,169,1605.551053
163.14001,186,1605.803152
27.999962,200,1606.183768
48.000187,200,1606.580348
44.500088,200,1606.947527
13.99996,200,1607.297736
161.47003,153,1607.505436
161.3001,120,1607.633127
163.12004,188,1607.855694
43.50005,200,1608.095
27.499958,200,1608.455248
28.999964,200,1608.718243
43.999985,200,1609.007844
45.000088,200,1609.280128
27.999987,200,1609.651447
11.999963,200,1609.993524
167.44008,106,1610.1664
29.999956,200,1610.484154
45.500072,200,1610.76381
166.22011,178,1616.996596
24.999954,200,1617.267572
29.49996,200,1617.668423
27.499964,200,1617.96127
44.000134,200,1618.285768
47.499985,200,1618.551436
162.23007,127,1618.71095
12.999956,200,1618.950831
28.999964,200,1619.240204
162.5,100,1619.386804
26.999971,200,1619.714874
66.99985,200,1620.025516
160.62001,188,1620.302161
27.999958,200,1620.592456
25.999954,200,1620.913782
14.9999695,200,1621.172685
45.000214,200,1621.438154
45.500134,200,1621.70967
44.000088,200,1621.973856
162.74,76,1622.059924
44.50012,200,1622.353454
161.68002,182,1622.606524
161.51999,198,1628.815858
46.500156,200,1629.17367
63.00005,200,1629.450675
35.50028,200,1629.840082
27.999968,200,1630.215212
184.92993,157,1630.861234
43.500122,200,1631.334551
45.000214,200,1631.926665
163.11009,189,1632.201595
162.75008,125,1632.366504
162.06012,194,1632.719916
165.51003,99,1632.852916
44.000072,200,1633.131107
161.94011,156,1633.312007
45.500122,200,1633.594708
70.5,200,1633.844398
69.49983,200,1634.080551
11.499961,200,1634.386886
182.85977,164,1634.603836
33.000008,200,1634.835348
69.00012,200,1635.068951
43.500214,200,1635.355387
185.73985,176,1635.560706
162.71014,179,1642.525442
36.000206,200,1642.920524
162.6901,131,1643.20571
42.000015,200,1643.534636
45.000122,200,1643.95541
44.499985,200,1644.304856
29.49996,200,1644.717501
162.28001,72,1644.846103
45.000004,200,1645.17222
70.500145,200,1645.619498
184.57985,142,1645.815593
67.99997,200,1646.22137
68.49974,200,1646.563401
51.500248,200,1646.974761
49.00015,200,1647.350952
52.50025,200,1647.798116
43.000065,200,1648.151339
164.01004,99,1648.295969
165.19002,81,1648.458601
50.500256,200,1648.881702
52.000313,200,1649.170501
161.91005,159,1649.497335
68.00001,200,1649.834116
68.99992,200,1657.486048
43.000107,200,1657.955334
163.11002,89,1658.111437
35.500282,200,1658.504539
161.56001,144,1658.774
163.58005,192,1659.110989
164.29008,171,1659.461796
53.50016,200,1659.752079
67.999954,200,1660.132007
45.00018,200,1660.449537
45.499973,200,1660.828938
162.34001,166,1661.114428
74.000084,200,1661.430773
45.0002,200,1661.847516
43.49997,200,1662.141264
46.00007,200,1662.553138
184.09003,191,1662.863309
65.49986,200,1663.23947
164.53003,97,1663.42643
55.500282,200,1663.703696
183.6497,185,1664.054971
68.99989,200,1664.399384
50.500107,200,1671.733269
92.4998,200,1672.121447
66.99987,200,1672.444218
70.99992,200,1672.854162
43.50017,200,1673.153842
45.00025,200,1673.541842
162.85007,115,1673.768404
68.00016,200,1674.096363
26.999956,200,1674.507419
44.500034,200,1674.801408
50.000153,200,1675.195181
162.40004,110,1675.391818
48.50022,200,1675.738608
162.68004,182,1676.114806
46.000145,200,1676.417849
69.50007,200,1676.826785
42.00022,200,1677.183424
28.999958,200,1677.543255
163.04004,146,1677.851788
162.53,97,1677.986819
184.76009,174,1678.290248
163.02022,198,1678.678308
45.00014,200,1686.461693
50.00029,200,1686.833634
68.49978,200,1687.246003
45.50003,200,1687.604063
162.30003,120,1687.803909
70.50002,200,1688.201669
45.000183,200,1688.480337
25.499964,200,1688.869906
26.499956,200,1689.203238
45.500095,200,1689.556345
184.52988,197,1689.933399
69.500015,200,1690.246351
27.99996,200,1690.661096
162.93002,107,1690.80126
185.66998,83,1690.933001
65.99983,200,1691.319272
48.500156,200,1691.643845
12.499964,200,1692.022061
44.500126,200,1692.380467
165.01004,99,1692.54124
28.999958,200,1692.931557
190.74995,175,1693.235502
46.500088,200,1693.593822
45.5,200,1701.267322
164.23006,177,1701.6531
28.999966,200,1701.950129
25.999956,200,1702.344965
12.999975,200,1702.684499
44.50006,200,1703.065867
64.999855,200,1703.407446
45.500046,200,1703.756227
162.58011,142,1704.039722
44.000126,200,1704.310306
164.29013,121,1704.552897
162.17004,83,1704.711032
31.499962,200,1705.039666
68.499916,200,1705.404488
189.35007,165,1705.731046
16.499968,200,1706.041929
65.99978,200,1706.435914
92.50016,200,1706.716007
68.4999,200,1707.155202
162.2002,180,1707.470768
42.000217,200,1707.859572
162.09013,191,1708.198876
162.24016,176,1715.938486
69.49998,200,1716.396864
50.500294,200,1716.87329
68.999695,200,1717.263148
161.63008,137,1717.545186
162.68005,82,1717.714999
43.00014,200,1718.069464
68.49983,200,1718.451681
15.999968,200,1718.80971
67.50003,200,1719.176216
49.000225,200,1719.544703
186.54991,95,1719.665682
46.500042,200,1720.041307
79.00011,200,1720.389735
44.000034,200,1720.75164
165.61006,139,1721.050339
163.60004,90,1721.182913
185.53001,147,1721.426586
162.70007,130,1721.683454
165.32004,118,1721.900105
183.03993,146,1722.090459
162.94003,106,1722.293121
183.84995,115,1722.534526
161.56017,194,1722.857224
69.499886,200,1723.22926
187.95007,105,1723.448472
162.1601,184,1731.049961
49.50013,200,1731.392876
162.68002,132,1731.60998
45.500046,200,1732.024819
162.75,75,1732.137282
163.04001,96,1732.261663
161.78012,172,1732.582821
162.64018,186,1732.941635
161.00008,200,1733.261658
67.999954,200,1733.688566
57.50016,200,1733.993026
32.000183,200,1734.399578
77.0001,200,1734.734582
162.45003,155,1735.036159
44.50003,200,1735.429317
164.17,83,1735.568171
184.46988,103,1735.776997
71.50018,200,1736.190694
93.49974,200,1736.495532
164.91005,159,1736.832912
187.19,131,1737.067666
38.00012,200,1737.381421
69.49983,200,1737.782775
166.76006,124,1737.959272
163.26001,124,1738.16693
162.13002,87,1745.635381
47.00024,200,1746.006716
44.50005,200,1746.366479
163.06,94,1746.551692
45.000202,200,1746.89701
187.48999,101,1747.0897
43.00016,200,1747.499471
162.14017,186,1747.763889
69.00003,200,1748.15134
51.000103,200,1748.472788
162.82005,68,1748.582822
162.1,140,1748.850135
162.16,84,1749.010361
45.500042,200,1749.316425
69.99995,200,1749.69899
27.499954,200,1750.048081
45.49999,200,1750.411217
162.96,54,1750.521163
44.500187,200,1750.904798
68.499794,200,1751.276374
69.50013,200,1751.620313
44.500217,200,1751.991723
52.000256,200,1752.403135
71.99999,200,1752.715039
71.000114,200,1760.452963
70.00002,200,1760.850401
45.50001,200,1761.173481
63.999996,200,1761.547401
162.36008,164,1761.850445
43.50016,200,1762.158626
69.99995,200,1762.560581
161.19012,181,1762.824906
26.99996,200,1763.210288
49.00017,200,1763.556818
28.499966,200,1763.909947
40.500313,200,1764.294319
27.99996,200,1764.620362
70.50014,200,1765.038598
27.499954,200,1765.327006
56.00022,200,1765.726192
185.98004,102,1765.922006
162.20006,130,1766.10695
31.500113,200,1766.491881
49.500076,200,1766.810554
68.999916,200,1767.180144
96.500145,200,1767.584341
45.000072,200,1775.035919
46.000027,200,1775.513394
162.84003,116,1775.815752
164.74013,126,1776.139236
49.00024,200,1776.679553
54.500168,200,1777.151457
45.50009,200,1777.669346
28.499966,200,1778.063823
45.00008,200,1778.367465
46.000015,200,1778.884236
69.99997,200,1779.281786
65.00017,200,1779.674126
69.49978,200,1779.993455
45.500122,200,1780.374861
53.5003,200,1780.738348
162.9001,160,1781.012971
45.000183,200,1781.420947
162.84001,66,1781.506342
45.50009,200,1781.835698
162.80002,120,1782.067637
161.06007,194,1782.413848
162.16013,184,1782.764649
27.999954,200,1790.14596
163.32,118,1790.40694
67.50008,200,1790.809382
164.3201,118,1790.960371
191.06009,194,1791.327597
52.00029,200,1791.677738
47.00008,200,1792.008905
161.59009,191,1792.417425
71.499916,200,1792.728442
72.99996,200,1793.132524
28.999956,200,1793.461314
163.00017,200,1793.855129
27.999958,200,1794.188769
162.21,129,1794.406486
54.00005,200,1794.809804
26.499956,200,1795.139425
26.99996,200,1795.535404
46.000023,200,1795.989983
68.000015,200,1796.390299
45.500187,200,1796.883878
11.99997,200,1797.293829
187.09001,191,1797.60773
49.000237,200,1804.636884
47.00011,200,1804.919312
67.49991,200,1805.178186
46.50009,200,1805.510606
50.00015,200,1805.91591
163.12006,88,1806.125357
186.98001,152,1806.387316
165.45006,105,1806.528955
45.000076,200,1806.857408
26.999966,200,1807.128568
47.500015,200,1807.393148
163.01999,148,1807.640662
27.999956,200,1807.897766
189.01013,199,1808.158357
12.999962,200,1808.418118
164.74,126,1808.574082
28.999956,200,1808.831344
52.000286,200,1809.082898
12.49996,200,1809.344233
163.02,98,1809.472589
164.41003,109,1809.614928
161.76004,174,1809.835867
44.000103,200,1810.091846
163.88004,112,1810.237357
46.50023,200,1817.850412
27.999958,200,1818.29515
65.50004,200,1818.895841
162.82,68,1819.027709
163.58,92,1819.225176
27.999962,200,1819.568682
49.999966,200,1819.889599
163.16,84,1819.985053
161.17004,133,1820.152257
26.999958,200,1820.382761
27.999958,200,1820.70153
162.80019,170,1820.890614
161.17004,183,1821.096618
28.499954,200,1821.334477
15.999964,200,1821.556284
66.49999,200,1821.826902
49.50012,200,1822.055628
92.4998,200,1822.271793
187.44,106,1822.398701
164.47002,103,1822.510259
27.999962,200,1822.748899
189.33003,167,1822.939906
188.57996,192,1823.15758
64.999916,200,1823.385571
186.01987,148,1829.394479
46.0001,200,1829.728463
185.70009,180,1829.943469
45.49998,200,1830.224409
68.49997,200,1830.505424
186.72992,177,1830.784983
162.28008,172,1831.088506
45.000233,200,1831.336128
88.99991,200,1831.623188
29.499958,200,1831.910742
12.499962,200,1832.167885
165.92003,108,1832.288276
50.00017,200,1832.619257
164.03006,97,1832.750619
49.000034,200,1833.000022
186.03004,97,1833.107561
49.000263,200,1833.390157
51.500225,200,1833.687233
162.35002,65,1833.780297
52.500233,200,1834.134174
67.99995,200,1834.482995
187.15005,135,1834.700373
162.08,92,1834.873312
166.00002,150,1835.104958
185.23004,177,1835.310403
45.999996,200,1842.62156
46.000103,200,1842.915132
67.499916,200,1843.212272
164.95003,55,1843.307448
50.00023,200,1843.562313
164.05005,95,1843.673504
44.000187,200,1843.949587
162.59001,91,1844.101816
162.16014,134,1844.332371
68.50014,200,1844.626431
15.999964,200,1844.915111
163.6801,132,1845.058208
165.49011,151,1845.225914
27.999979,200,1845.510986
46.000156,200,1845.741168
162.59,141,1845.950503
72.00011,200,1846.183813
92.50007,200,1846.433551
50.500233,200,1846.726672
67.00006,200,1847.01704
67.00023,200,1847.292697
67.99989,200,1847.52257
45.000114,200,1847.79236
45.50018,200,1853.596199
165.73012,127,1853.928478
44.50024,200,1854.354862
161.88007,162,1854.682448
162.00009,150,1854.917899
161.57005,193,1855.234858
66.49983,200,1855.579962
27.499964,200,1856.082845
184.93015,157,1856.33733
69.49989,200,1856.616288
167.28003,122,1856.835971
47.000145,200,1857.083755
164.61009,139,1857.342453
163.19,131,1857.50053
28.99996,200,1857.790694
28.499958,200,1858.225837
43.00006,200,1858.68643
42.999996,200,1859.074078
164.9201,158,1859.39327
163.30002,120,1859.630972
44.500084,200,1860.043455
13.999966,200,1860.440142
162.70006,130,1860.689692
45.500217,200,1861.077361
49.500145,200,1869.227548
44.50012,200,1869.647985
187.17003,183,1869.923697
162.93005,107,1870.143155
162.62006,138,1870.483355
28.49997,200,1870.965076
10.999957,200,1871.271711
162.34001,116,1871.491374
70.99981,200,1871.828857
51.50014,200,1872.221575
43.50018,200,1872.77351
12.499959,200,1873.242943
36.000103,200,1873.706568
162.73001,127,1873.982358
43.49997,200,1874.333707
165.21007,129,1874.565902
162.32005,118,1874.7466
164.20003,130,1874.935582
26.499958,200,1875.240408
27.499956,200,1875.646337
46.00015,200,1876.172494
45.000156,200,1876.811076
42.499977,200,1877.412466
162.12003,138,1885.742608
162.64001,136,1886.021081
161.5401,146,1886.308099
49.50023,200,1886.704261
161.37007,163,1887.018882
42.499996,200,1887.410285
92.99978,200,1887.805059
166.08002,142,1888.083879
48.50021,200,1888.469575
46.500103,200,1888.896191
163.00005,150,1889.192051
166.59001,141,1889.471785
45.000168,200,1889.873783
162.5701,143,1890.170117
45.00009,200,1890.621933
164.91003,109,1890.906355
49.000114,200,1891.285209
185.99005,101,1891.481922
67.500206,200,1891.88436
164.58005,92,1892.063352
69.00014,200,1892.448004
187.77002,123,1892.693813
164.37007,113,1892.919297
45.50005,200,1893.300484
161.81,169,1893.642556
44.5001,200,1901.741031
52.50017,200,1902.115348
165.27011,173,1902.467135
185.64989,185,1902.829414
163.1301,187,1903.181299
42.000042,200,1903.573428
43.00012,200,1903.974164
186.73007,177,1904.309169
163.29001,121,1904.538765
185.99997,100,1904.735291
29.499958,200,1905.121208
162.09006,191,1905.496914
51.500282,200,1905.893735
68.499825,200,1906.275448
162.43,107,1906.501813
163.70007,130,1906.747577
164.59003,91,1906.928666
44.500027,200,1907.32183
186.55994,144,1907.601507
52.00023,200,1907.978693
162.97006,103,1908.175093
43.50013,200,1908.551085
164.78008,122,1908.789212
65.499855,200,1909.173696
163.21004,79,1909.331496
69.00001,200,1917.684761
185.56998,193,1918.069734
43.500095,200,1918.450476
69.4999,200,1918.83592
44.500217,200,1919.220288
162.57002,93,1919.40091
46.00017,200,1919.785243
187.97,103,1919.973586
25.999956,200,1920.375566
66.500114,200,1920.773579
44.500187,200,1921.158901
67.5001,200,1921.544555
166.08008,142,1921.825804
29.499968,200,1922.206642
43.5,200,1922.623971
45.000095,200,1923.011981
26.999964,200,1923.413254
162.25,175,1923.750205
164.38005,112,1923.962984
185.59,91,1924.134188
164.64003,86,1924.2977
50.500195,200,1924.691824
164.54004,146,1924.979037
12.999958,200,1925.358435
162.77002,73,1933.192157
64.99988,200,1933.607383
54.000027,200,1934.001131
162.11006,139,1934.419009
162.6101,139,1934.920899
68.99989,200,1935.368417
44.00009,200,1935.929539
56.00029,200,1936.375387
71.499886,200,1936.895485
68.49992,200,1937.363496
66.99983,200,1937.876537
163.29001,121,1938.15681
161.44002,156,1938.607889
162.04,146,1938.979817
45.00006,200,1939.324138
28.499962,200,1940.017692
45.500175,200,1940.642493
71.499954,200,1941.343488
164.34006,116,1941.597073
52.000233,200,1941.949505
50.000153,200,1942.342527
162.97018,153,1942.626722
46.000126,200,1942.973596
162.67001,133,1949.757016
163.38002,62,1949.854432
161.84,116,1950.266881
187.69003,81,1950.409721
162.71,79,1950.577992
161.61,139,1950.849611
46.000076,200,1951.295021
67.50013,200,1951.849024
71.000175,200,1952.34474
161.73,127,1952.54879
162.71008,129,1952.813661
68.50021,200,1953.202617
187.66998,133,1953.53953
44.499985,200,1953.877149
162.90001,110,1954.090611
28.999958,200,1954.45308
41.500046,200,1954.952243
163.24004,76,1955.119541
48.000168,200,1955.681121
39.000225,200,1956.164079
187.2701,173,1956.535689
162.58,142,1956.867706
73.49984,200,1957.390492
189.22,128,1957.649289
27.999958,200,1958.040732
163.09003,141,1958.33475
161.5501,195,1958.801091
48.000137,200,1967.977003
186.71005,179,1968.492076
54.500275,200,1968.992315
11.499965,200,1969.639284
164.77005,123,1970.044435
162.2,130,1970.383992
93.00005,200,1970.926808
92.49987,200,1971.448455
165.88004,112,1971.74328
165.56001,194,1972.086717
161.97,103,1972.232195
188.30002,120,1972.402066
187.45999,104,1972.552417
162.81003,69,1972.663736
163.41,109,1972.842029
48.999992,200,1973.119661
184.99007,151,1973.330891
67.50008,200,1973.641752
187.32,118,1973.804612
67.00027,200,1974.088889
44.50023,200,1974.369435
163.05003,95,1974.539743
164.12003,88,1974.669365
162.44,106,1974.83506
161.68004,182,1975.131207
162.25003,75,1975.246816
11.499959,200,1975.614572
69.50012,200,1982.432148
164.0,100,1982.60224
186.59003,91,1982.766901
45.000004,200,1983.08668
67.999916,200,1983.411292
162.26022,174,1983.78973
162.90009,110,1983.987068
67.99992,200,1984.300604
163.13004,87,1984.422118
166.58003,92,1984.553292
44.0001,200,1984.824927
190.08008,142,1985.056692
162.37016,163,1985.284705
162.67,83,1985.401998
67.999825,200,1985.696714
163.65004,185,1986.006907
161.62007,138,1986.24216
163.20001,80,1986.354805
48.50013,200,1986.717452
163.38008,162,1986.962367
28.999968,200,1987.246879
164.96004,154,1987.516718
51.00009,200,1987.876952
162.58008,142,1988.114434
42.00006,200,1988.391902
74.9999,200,1988.72258
163.14001,136,1995.342729
69.499954,200,1995.66415
164.32,118,1995.863035
188.61992,138,1996.059738
165.78004,122,1996.236702
66.49993,200,1996.51868
162.1602,184,1996.771094
164.01007,149,1996.979768
186.04002,146,1997.181917
45.500088,200,1997.460884
42.500202,200,1997.735086
50.500244,200,1998.023887
46.50014,200,1998.335281
67.49982,200,1998.701984
47.50018,200,1999.017545
165.83002,67,1999.131974
183.38995,111,1999.289563
164.04001,96,1999.429596
163.99004,101,1999.56925
67.99989,200,1999.880434
53.00027,200,2000.159518
185.24998,75,2000.269367
71.99995,200,2000.634402
163.26004,124,2000.844852
51.000095,200,2001.139263
162.94002,56,2001.239604
59.000057,200,2007.790502
42.999992,200,2008.098585
187.97005,153,2008.309454
50.500267,200,2008.623093
187.76993,173,2008.892003
161.46999,153,2009.161991
165.15005,85,2009.279469
163.78001,72,2009.385042
49.000237,200,2009.666916
191.87994,112,2009.832044
189.35007,115,2010.005728
71.99994,200,2010.388068
187.68,182,2010.686821
26.999968,200,2011.032342
45.000225,200,2011.350703
70.99984,200,2011.632818
46.500027,200,2011.909815
69.499886,200,2012.199529
163.52007,148,2012.405998
43.99999,200,2012.685483
163.51004,99,2012.822058
68.49982,200,2013.109365
163.83005,117,2013.28691
11.999958,200,2013.612152
43.000008,200,2013.928483
45.000008,200,2020.734591
163.06006,144,2020.936858
70.00006,200,2021.244604
56.500286,200,2021.546829
44.500202,200,2021.852891
167.17007,133,2022.036891
43.000042,200,2022.309493
162.53003,47,2022.379478
46.000217,200,2022.683777
44.499996,200,2022.973057
165.4301,157,2023.224747
164.48007,152,2023.438793
43.499992,200,2023.718922
161.72012,178,2023.966583
163.0101,199,2024.253843
71.499985,200,2024.53055
67.49994,200,2024.832884
164.73001,77,2024.954538
163.46002,104,2025.116704
28.99996,200,2025.396604
51.500244,200,2025.694681
163.11,139,2025.889394
167.24011,176,2026.130832
45.000103,200,2032.644756
162.45999,54,2032.7377
167.12013,138,2032.959004
44.500088,200,2033.239096
72.49994,200,2033.523174
70.999954,200,2033.804946
70.4998,200,2034.112334
191.01999,98,2034.262345
162.24007,176,2034.524598
29.499956,200,2034.841009
162.00014,150,2035.052672
45.000046,200,2035.327794
185.64995,185,2035.619442
162.44014,156,2035.842135
46.00009,200,2036.123334
163.03004,97,2036.286629
43.00011,200,2036.601889
162.00012,150,2036.809687
162.60002,140,2037.048764
162.82004,68,2037.184767
162.15005,185,2037.479419
186.18005,132,2037.66189
26.499962,200,2037.939598
164.43001,107,2038.119764
29.49996,200,2038.424023
162.31004,119,2038.583828
163.04004,96,2038.718032
166.13016,187,2045.072358
46.00008,200,2045.428095
186.68018,182,2045.696827
67.50022,200,2046.165037
189.24002,76,2046.338612
164.77011,123,2046.516653
38.000183,200,2046.819483
27.49996,200,2047.102123
46.000072,200,2047.394881
161.54001,196,2047.669524
188.31003,169,2047.913983
53.500015,200,2048.245088
163.76001,74,2048.378713
183.48006,152,2048.702327
162.38,162,2049.07508
56.500065,200,2049.583622
164.04002,96,2049.965358
68.49976,200,2050.482248
69.000145,200,2050.982821
67.99999,200,2051.608606
162.08014,192,2052.088617
48.000202,200,2052.470991
186.06995,193,2052.843776
28.999962,200,2059.678007
184.63995,186,2060.026608
162.24004,126,2060.272236
163.1,90,2060.440618
162.43002,157,2060.666791
53.500126,200,2060.950643
185.08005,192,2061.229757
26.99996,200,2061.511284
67.99998,200,2061.836883
70.50008,200,2062.118699
183.03976,196,2062.419105
161.97998,152,2062.646816
164.18008,132,2062.852101
45.999985,200,2063.175188
163.12003,88,2063.299742
90.50008,200,2063.639643
162.46011,154,2063.85671
185.30994,169,2064.178876
49.50011,200,2064.714363
162.27002,123,2065.117557
166.34001,116,2065.483241
187.37001,113,2065.742883
46.500015,200,2066.29656
45.99997,200,2066.784333
167.59003,91,2067.021794
162.88,62,2067.162665
162.57002,143,2074.415045
162.53003,97,2074.581838
46.00019,200,2074.930826
163.26001,124,2075.099621
46.000202,200,2075.434329
44.50017,200,2075.872195
163.30002,70,2075.99799
165.14008,136,2076.217536
67.99992,200,2076.55232
186.14996,135,2076.797934
45.000168,200,2077.344792
43.499977,200,2077.736881
162.01004,149,2077.947739
164.63007,137,2078.143169
45.500084,200,2078.456817
50.50022,200,2078.807979
163.93005,157,2079.06854
162.41002,109,2079.299751
185.67996,82,2079.416865
208.06015,194,2079.689525
70.99988,200,2080.029947
165.54002,96,2080.203353
184.45995,154,2080.470765
162.10008,190,2080.784817
68.49991,200,2081.079669
163.17004,83,2081.243426
162.93002,107,2081.423131
163.7501,125,2087.74688
167.59001,91,2087.941263
45.000214,200,2088.252012
187.74,76,2088.374876
162.6301,137,2088.683888
163.42007,108,2089.005777
163.16002,84,2089.24281
209.03006,197,2089.920487
68.49991,200,2090.498975
68.99985,200,2090.940532
163.03003,97,2091.15877
186.33994,166,2091.456722
162.3801,162,2091.714809
161.93004,107,2091.927685
49.50024,200,2092.310753
65.99986,200,2092.646794
186.56998,93,2092.769208
45.500076,200,2093.125013
185.15012,135,2093.353806
186.20996,129,2093.559249
162.76003,124,2093.743297
43.999973,200,2094.072432
164.58002,92,2094.238872
28.499958,200,2094.512014
26.999968,200,2094.814513
67.49986,200,2095.08886
186.62997,137,2095.354433
187.51001,99,2101.732291
188.82994,117,2101.932781
165.16003,84,2102.114271
188.12007,138,2102.358765
29.999962,200,2102.750996
164.05002,95,2102.929561
68.00002,200,2103.28211
161.7,130,2103.496791
186.31999,68,2103.602132
43.00011,200,2103.946727
45.00014,200,2104.323772
44.99999,200,2104.606873
43.499992,200,2104.889414
45.00003,200,2105.172015
14.999963,200,2105.526829
163.02,98,2105.661944
162.73009,127,2105.876654
163.15,85,2106.030663
44.000153,200,2106.328057
161.59004,141,2106.552625
44.500206,200,2106.862222
162.79002,121,2107.043855
163.07,93,2107.195234
162.22006,78,2107.318365
187.04993,145,2107.534544
44.50014,200,2107.831948
165.03003,97,2107.971528
165.59006,91,2108.096802
72.499985,200,2115.206628
162.10013,140,2115.49515
70.99989,200,2115.94498
45.00011,200,2116.292312
166.50017,150,2116.541299
68.49993,200,2117.106754
45.500072,200,2117.685247
162.87009,113,2117.89678
164.03006,97,2118.075789
168.36006,114,2118.273748
186.74008,126,2118.485864
166.41003,109,2118.708953
162.6,90,2118.826958
164.21007,79,2118.926694
98.500015,200,2119.242215
162.02016,198,2119.616988
43.50008,200,2120.066708
162.85,65,2120.216759
163.12003,88,2120.351874
186.26001,124,2120.520588
168.99008,101,2120.647078
51.50022,200,2120.895611
53.500076,200,2121.286786
45.00019,200,2121.646857
49.00031,200,2122.014825
162.62004,88,2122.132275
209.12999,187,2122.488763
47.0002,200,2130.339679
162.03,97,2130.538118
45.50005,200,2130.889614
165.50003,150,2131.069317
186.59006,191,2131.294811
46.000004,200,2131.545782
187.32,118,2131.712184
44.00007,200,2132.12674
69.4998,200,2132.366885
163.24005,76,2132.456568
162.74002,76,2132.545444
163.18005,82,2132.64067
44.500164,200,2132.874949
162.53004,147,2133.074884
67.00017,200,2133.358771
162.40002,110,2133.50063
68.49995,200,2133.831907
28.499964,200,2134.113055
46.00021,200,2134.632629
44.50006,200,2135.006999
161.83002,167,2135.471544
184.92017,158,2136.198956
28.99997,200,2136.797075
52.000263,200,2137.166926
15.999962,200,2137.638666
162.19005,131,2143.418454
185.13004,187,2144.011699
45.500008,200,2144.676989
162.74005,76,2144.888759
162.66005,84,2145.131535
187.14986,135,2145.784478
161.74004,176,2146.590536
186.24004,176,2146.949746
27.499958,200,2147.338044
162.85,115,2147.561085
43.500046,200,2147.978947
45.500084,200,2148.363773
26.499958,200,2148.81215
164.03001,97,2149.04708
189.54996,95,2149.280821
47.000137,200,2149.724722
163.60004,140,2150.042184
162.5301,147,2150.376828
161.70999,179,2150.841117
27.499968,200,2151.376527
181.27002,123,2151.713114
45.500134,200,2152.181344
45.5001,200,2152.643224
161.73012,177,2153.047045
164.52005,98,2153.264913
15.499964,200,2153.719504
43.500137,200,2163.396715
45.000225,200,2163.878856
43.49996,200,2164.386899
95.499855,200,2164.833317
27.999956,200,2165.292663
164.20001,80,2165.477937
13.499959,200,2165.932011
187.59999,140,2166.306615
165.25005,125,2166.586704
12.999957,200,2167.092855
168.35007,115,2167.346743
43.500046,200,2167.810728
166.15018,185,2168.294859
166.67001,83,2168.51198
185.29985,170,2168.893447
45.500065,200,2169.356786
186.01996,98,2169.588012
163.37001,113,2169.848888
161.9,110,2170.09708
44.50019,200,2170.643722
164.03003,97,2171.08708
71.500046,200,2171.752961
162.15005,135,2172.328712
166.59003,91,2172.566844
165.47002,103,2172.834374
53.00026,200,2173.458538
69.99992,200,2183.206671
162.06004,94,2183.416781
162.23999,176,2183.850546
28.999966,200,2184.319813
67.49992,200,2184.807075
27.499956,200,2185.262949
69.49984,200,2185.776915
46.000137,200,2186.230749
163.07005,93,2186.475892
162.4601,154,2186.810727
185.22995,177,2187.215186
185.6601,134,2187.539613
162.44005,106,2187.820486
95.99987,200,2188.372415
187.74994,175,2188.776977
161.79005,121,2189.050883
165.87004,113,2189.306797
28.999966,200,2189.802763
50.500145,200,2190.26418
69.49998,200,2190.793713
163.28001,122,2191.08654
44.500034,200,2191.564674
190.0899,91,2191.782737
187.02008,148,2192.183485
162.94006,156,2192.724664
70.49987,200,2202.526855
163.29004,71,2202.689626
187.93997,106,2202.980832
186.22,78,2203.207911
163.93,57,2203.340051
163.75003,75,2203.513612
71.00008,200,2204.156826
161.9,160,2204.683713
163.02005,98,2204.912425
68.00003,200,2205.606834
162.60002,90,2205.94968
43.500065,200,2206.517974
162.17003,133,2206.833255
45.000145,200,2207.291549
162.24005,76,2207.468698
163.11006,89,2207.723934
163.08003,92,2208.003534
186.50005,150,2208.376519
163.27,73,2208.544632
162.69005,131,2208.836749
184.27002,123,2209.099528
185.40005,160,2209.459356
28.499958,200,2209.914392
44.999977,200,2210.354854
162.76003,124,2210.609893
70.499985,200,2211.031372
31.5,200,2211.442592
189.50998,99,2211.64679
165.30017,170,2212.108938
164.43002,107,2212.574068
186.67989,182,2221.416326
162.09015,191,2221.856492
167.30002,70,2222.131027
55.50014,200,2222.601986
166.92006,108,2222.815003
68.99986,200,2223.266657
186.66,84,2223.502751
162.22008,128,2223.859535
42.50017,200,2224.544152
163.42018,158,2224.91228
163.2001,130,2225.215132
76.000175,200,2225.686519
163.36002,64,2225.836699
187.57,93,2226.052378
165.35008,115,2226.332121
46.500023,200,2226.777476
43.000084,200,2227.249532
184.97014,153,2227.576617
67.99993,200,2228.170671
67.999825,200,2228.899147
48.500042,200,2229.416744
165.03003,97,2229.636603
48.500076,200,2230.042196
160.64998,185,2230.452178
45.000256,200,2231.054141
91.99995,200,2231.590701
167.46007,104,2232.127758
161.61002,189,2241.652205
165.70007,180,2242.030799
186.26996,123,2242.317775
45.999985,200,2242.741849
69.999916,200,2243.126777
45.50019,200,2243.806679
73.99994,200,2244.4488
45.000046,200,2244.958771
45.000084,200,2245.386754
162.77007,123,2245.722833
162.53,97,2245.959725
163.57,93,2246.146713
165.10002,90,2246.322434
68.99986,200,2246.742136
163.01009,99,2246.954083
74.50005,200,2247.384293
45.500195,200,2247.794651
182.82997,67,2247.931064
161.94011,156,2248.246631
162.09999,90,2248.449628
163.28003,122,2248.694731
49.000122,200,2249.149933
92.000206,200,2249.662128
188.75998,74,2249.806644
184.92001,158,2250.118884
68.99998,200,2250.516609
188.72992,127,2259.039341
43.00011,200,2259.438792
43.000156,200,2259.751517
162.16008,184,2260.030377
164.96002,104,2260.184658
186.54996,95,2260.32668
162.84999,115,2260.543545
53.500275,200,2260.946993
67.49991,200,2261.392014
162.19,81,2261.554162
164.37003,63,2261.67703
163.14005,186,2262.042199
163.97,103,2262.244642
46.50021,200,2262.652328
163.06006,144,2262.94952
162.63005,87,2263.1247
51.00022,200,2263.582195
163.69003,81,2263.74517
163.45001,55,2263.86885
165.51001,99,2264.071908
162.77003,73,2264.2484
71.49985,200,2264.735113
44.00019,200,2265.147878
46.500137,200,2265.544523
165.71999,178,2265.942985
45.50011,200,2266.379601
45.000187,200,2266.833041
164.23004,77,2266.9823
93.50018,200,2275.779607
165.3901,161,2276.098442
163.47002,53,2276.203634
47.000072,200,2276.623135
36.000237,200,2277.082185
92.49988,200,2277.464352
186.00009,100,2277.673555
162.6402,186,2278.116781
165.83015,167,2278.454165
162.98006,102,2278.651753
70.000015,200,2279.036895
163.06001,94,2279.219301
163.75002,125,2279.459493
68.499886,200,2279.849426
163.13,87,2280.019747
163.10004,90,2280.194733
161.24002,176,2280.535815
36.000225,200,2280.922018
162.87,113,2281.142266
166.63007,87,2281.344161
166.5,100,2281.61695
163.7,80,2281.783105
165.62003,88,2281.955316
70.0,200,2282.379659
44.500084,200,2282.769749
165.03006,97,2282.956799
166.67004,83,2283.119662
164.64003,86,2283.287848
186.63997,86,2283.486716
186.50006,100,2283.754523
187.3801,112,2284.027812
44.000164,200,2292.825203
164.4201,108,2293.038829
164.05005,95,2293.224966
69.999886,200,2293.625744
47.00015,200,2294.019531
163.32999,117,2294.249582
162.23004,177,2294.636672
44.50015,200,2295.029364
162.46002,54,2295.136754
186.18001,82,2295.296868
161.71002,129,2295.552507
164.33005,117,2295.780317
187.41005,109,2295.993435
69.00025,200,2296.418028
66.500206,200,2296.832213
168.47008,103,2297.05302
161.48004,152,2297.371813
41.99998,200,2297.775877
164.19,81,2297.937048
163.26999,173,2298.278584
44.50018,200,2298.746852
67.99989,200,2299.209626
162.56003,144,2299.498461
72.999985,200,2299.916931
186.57007,93,2300.102134
43.000053,200,2300.494061
163.13004,137,2300.767658
186.88995,111,2309.523185
44.000206,200,2310.00665
47.0001,200,2310.327553
165.7601,124,2310.571434
162.52002,48,2310.67829
183.59996,90,2310.834928
165.52008,98,2311.003389
188.40994,159,2311.326962
163.42007,108,2311.560402
165.75017,175,2311.901909
162.74005,126,2312.316643
69.49986,200,2312.733493
162.16006,84,2312.90567
49.00019,200,2313.306718
163.79,121,2313.616893
67.99977,200,2314.049805
187.82,118,2314.419552
70.00004,200,2314.84224
165.12009,88,2315.020453
68.49994,200,2315.603858
44.000286,200,2316.226494
44.000008,200,2316.789054
187.09003,141,2317.270781
163.02005,98,2317.64317
186.60005,140,2317.94621
161.71019,179,2318.315549
67.999794,200,2318.732324
210.02008,148,2328.659403
45.000072,200,2329.266624
162.06,144,2329.736545
162.81004,119,2330.021692
70.00007,200,2330.636791
163.41006,109,2331.113318
73.50015,200,2332.257831
168.17001,83,2332.759703
186.30994,169,2333.189596
162.74007,176,2333.660303
46.500217,200,2334.124702
163.60014,140,2334.446935
186.0099,199,2334.958805
163.83,67,2335.134475
190.21985,178,2335.632577
45.500187,200,2336.135681
163.22005,78,2336.593207
67.999985,200,2337.341039
70.99991,200,2337.876671
73.0,200,2338.472291
44.00016,200,2339.171061
71.00004,200,2339.639465
163.07002,93,2339.874354
165.87003,63,2340.00963
69.999886,200,2340.494942
52.500023,200,2340.941234
188.21002,129,2347.133733
166.00002,100,2347.316657
45.50019,200,2347.875082
45.000175,200,2348.434466
162.80002,120,2348.779484
164.62007,88,2349.077519
165.69003,81,2349.27253
162.52002,98,2349.62425
68.50006,200,2349.972057
162.16,134,2350.17732
163.56003,94,2350.340349
163.51,99,2350.518519
68.4999,200,2350.81175
98.99972,200,2351.114632
163.24,76,2351.245139
187.85999,64,2351.321943
44.500195,200,2351.66914
165.37003,63,2351.766638
162.55014,145,2351.994962
65.000046,200,2352.321704
164.58005,92,2352.486767
164.77002,73,2352.578491
27.499975,200,2352.932729
45.00021,200,2353.330789
71.000015,200,2353.843447
162.54001,46,2353.997609
162.92004,58,2354.172465
183.63995,136,2354.530518
92.50021,200,2355.058491
162.19016,181,2355.47955
